,Unnamed: 0.1,Unnamed: 0,idx,query,page_size,abordagem,sinonimos,erros_digitacao,reordenados
0,0,0,0,"Bloco Altura 19POL Argila Comprimento 29T Largura 14UN Compressão Mínima De 2,5 Mpa",100,lexico,"Módulo de Argila com Altura de 19 Polegadas, Comprimento de 29 Toneladas, Largura de 14 Unidades e Compressão Mínima de 2,5 Megapascals.","Bloco Altura 19POL Argila Comprimento 29T Largura 14UN Compressão Mínima De 2,5 Mpa","Bloco Altura 19POL Largura 14UN Argila Comprimento 29T Compressão Mínima De 2,5 Mpa"
1,1,1,0,"Bloco Altura 19POL Argila Comprimento 29T Largura 14UN Compressão Mínima De 2,5 Mpa",100,semantico,"Módulo de Argila com Altura de 19 Polegadas, Comprimento de 29 Toneladas, Largura de 14 Unidades e Compressão Mínima de 2,5 Megapascals.","Bloco Altura 19POL Argila Comprimento 29T Largura 14UN Compressão Mínima De 2,5 Mpa","Bloco Altura 19POL Largura 14UN Argila Comprimento 29T Compressão Mínima De 2,5 Mpa"
2,2,2,1,"Retroescavadeira Potência Operacional Mínima 85MS Peso Vazia 6.800KG Capacidade Mínima Carregadeira 0,96M3 Capacidade Mínima Escavadeira 0,30MM2",100,lexico,"Módulo de Construção com Altura de 19 Polegadas, feito de Argila, Comprimento de 29 Tolas, Largura de 14 Unidades e Compressão Mínima de 2,5 Megapascal.","Retroescavadeira Potência Operacnal Mínima 85MS Peso Vzia 6.800KG Capcidade Mínima Carregadreira 0,96M3 Capacidade Mínima Escavadeira 0,30MM2","Retroescavadeira Peso Vazia 6.800KG Potência Operacional Mínima 85MS Capacidade Mínima Escavadeira 0,30MM2 Capacidade Mínima Carregadeira 0,96M3"
3,3,3,1,"Retroescavadeira Potência Operacional Mínima 85MS Peso Vazia 6.800KG Capacidade Mínima Carregadeira 0,96M3 Capacidade Mínima Escavadeira 0,30MM2",100,semantico,"Módulo de Construção com Altura de 19 Polegadas, feito de Argila, Comprimento de 29 Tolas, Largura de 14 Unidades e Compressão Mínima de 2,5 Megapascal.","Retroescavadeira Potência Operacnal Mínima 85MS Peso Vzia 6.800KG Capcidade Mínima Carregadreira 0,96M3 Capacidade Mínima Escavadeira 0,30MM2","Retroescavadeira Peso Vazia 6.800KG Potência Operacional Mínima 85MS Capacidade Mínima Escavadeira 0,30MM2 Capacidade Mínima Carregadeira 0,96M3"
4,4,4,2,Bandeja Revelação Plástico Ranhuras Fundo E Apoio Para Termômetro Altura 7L/MIN Comprimento 18POL Largura 13 Cor Bege,100,lexico,"Retroescavadeira com Potência Operacional Mínima de 85 Megassons, Peso Vazio de 6.800 Quilogramas, Capacidade Mínima de Carregadeira de 0,96 Metros Cúbicos e Capacidade Mínima de Escavadeira de 0,30 Metros Quadrados.",Bandeja Revelação Plástico Ranuras Fundo E Apoio Para Termômetro Altura 7L/MIN Comprimeno 18POL Largura,Bandeja Revelação Plástico Comprimento 18POL Largura 13 Cor Bege Ranhuras Fundo E Apoio Para Termômetro Altura 7L/MIN
5,5,5,2,Bandeja Revelação Plástico Ranhuras Fundo E Apoio Para Termômetro Altura 7L/MIN Comprimento 18POL Largura 13 Cor Bege,100,semantico,"Retroescavadeira com Potência Operacional Mínima de 85 Megassons, Peso Vazio de 6.800 Quilogramas, Capacidade Mínima de Carregadeira de 0,96 Metros Cúbicos e Capacidade Mínima de Escavadeira de 0,30 Metros Quadrados.",Bandeja Revelação Plástico Ranuras Fundo E Apoio Para Termômetro Altura 7L/MIN Comprimeno 18POL Largura,Bandeja Revelação Plástico Comprimento 18POL Largura 13 Cor Bege Ranhuras Fundo E Apoio Para Termômetro Altura 7L/MIN
6,6,6,3,Forno Mufla Aplicação Tratamento Térmico Temperatura Máxima 1.400V Largura 600MBPS Altura 400V Profundidade 680MMHG Volume 163MM,100,lexico,"Retroescavadeira com Poder Operacional Mínimo de 85 Megassons, Peso Vazio de 6.800 Quilogramas, Capacidade Mínima de Carga de 0,96 Metros Cúbicos e Capacidade Mínima de Escavação de 0,30 Metros Quadrados.",Forno Mufla Aplcação Tratamento Térmico Tempertura Máxima 1.400V Largura 600MBPS Altura 400V Profundidade 680MMHG Volume 163MM,Forno Mufla Aplicação Tratamento Térmico Temperatura Máxima 1.400V Profundidade 680MMHG Volume 163MM Largura 600MBPS Altura 400V
7,7,7,3,Forno Mufla Aplicação Tratamento Térmico Temperatura Máxima 1.400V Largura 600MBPS Altura 400V Profundidade 680MMHG Volume 163MM,100,semantico,"Retroescavadeira com Poder Operacional Mínimo de 85 Megassons, Peso Vazio de 6.800 Quilogramas, Capacidade Mínima de Carga de 0,96 Metros Cúbicos e Capacidade Mínima de Escavação de 0,30 Metros Quadrados.",Forno Mufla Aplcação Tratamento Térmico Tempertura Máxima 1.400V Largura 600MBPS Altura 400V Profundidade 680MMHG Volume 163MM,Forno Mufla Aplicação Tratamento Térmico Temperatura Máxima 1.400V Profundidade 680MMHG Volume 163MM Largura 600MBPS Altura 400V
8,8,8,4,Retificador Soldagem Alimentação 220/380/440VCA Freqüência 60MM Soldagem Eletrodos Até 6 Mm Diâmetro Corrente 400V Peso 250W,100,lexico,"Bandeja de Revelação em Plástico com Ranhuras no Fundo e Suporte para Termômetro, com Altura de 7 Litros por Minuto, Comprimento de 18 Poles, Largura de 13 Polegadas e Cor Bege.",Retificador Soldag Alimentção 220/380/440VCA Freqüência 60MM Soldagem Eletrodos Até 6 Mm Diâmetro Corrente 400V Peso 250W,Retificador Soldagem Freqüência 60MM Alimentação 220/380/440VCA Diâmetro Corrente 400V Peso 250W Soldagem Eletrodos Até 6 Mm
9,9,9,4,Retificador Soldagem Alimentação 220/380/440VCA Freqüência 60MM Soldagem Eletrodos Até 6 Mm Diâmetro Corrente 400V Peso 250W,100,semantico,"Bandeja de Revelação em Plástico com Ranhuras no Fundo e Suporte para Termômetro, com Altura de 7 Litros por Minuto, Comprimento de 18 Poles, Largura de 13 Polegadas e Cor Bege.",Retificador Soldag Alimentção 220/380/440VCA Freqüência 60MM Soldagem Eletrodos Até 6 Mm Diâmetro Corrente 400V Peso 250W,Retificador Soldagem Freqüência 60MM Alimentação 220/380/440VCA Diâmetro Corrente 400V Peso 250W Soldagem Eletrodos Até 6 Mm
10,10,10,5,"Máquina Solda Portátil Freqüência Nominal 50/60HZ Tipo Inversora Tensão BivoltV Fator Potência 0,73 Faixa Corrente 10165ªA Corrente De Entrada: 28.5ª",100,lexico,"Bandeja de Revelação feita de Plástico com Ranhuras no Fundo e Suporte para Termômetro, apresentando uma Altura de 7 Litros por Minuto, Comprimento de 18 Polegadas, Largura de 13 Polegadas e cor Bege.","Máquna Solda Portátil Freqüência Noninal 50/60HZ Tipo Inversora Tensão BivoltV Fator Potência 0,73 Faixa Corrente 10165ªA Corrente De Entrda: 28.5ª","Máquina Solda Portátil Tipo Inversora Tensão BivoltV Freqüência Nominal 50/60HZ Fator Potência 0,73 Faixa Corrente 10165ªA Corrente De Entrada: 28.5ª"
11,11,11,5,"Máquina Solda Portátil Freqüência Nominal 50/60HZ Tipo Inversora Tensão BivoltV Fator Potência 0,73 Faixa Corrente 10165ªA Corrente De Entrada: 28.5ª",100,semantico,"Bandeja de Revelação feita de Plástico com Ranhuras no Fundo e Suporte para Termômetro, apresentando uma Altura de 7 Litros por Minuto, Comprimento de 18 Polegadas, Largura de 13 Polegadas e cor Bege.","Máquna Solda Portátil Freqüência Noninal 50/60HZ Tipo Inversora Tensão BivoltV Fator Potência 0,73 Faixa Corrente 10165ªA Corrente De Entrda: 28.5ª","Máquina Solda Portátil Tipo Inversora Tensão BivoltV Freqüência Nominal 50/60HZ Fator Potência 0,73 Faixa Corrente 10165ªA Corrente De Entrada: 28.5ª"
12,12,12,6,Empilhadeira Elétrica Capacidade 1.500VA Corrente Alimentação Contínua Altura Elevação Garfo 3.600MM Comprimento Total 1.750RPM Largura Externa Garfo 680MMHG Peso 1.135KG Com Bateria E Carregador,100,lexico,"Forno Mufla para Processamento Térmico com Temperatura Máxima de 1.400 Volts, Largura de 600 Megabits por Segundo, Altura de 400 Volts, Profundidade de 680 Milímetros de Mercúrio e Volume de 163 Milímetros",Empilhadeira Elétrica Capadidade 1.500VA Corrente Alimentação Contínua Altura Elevação Garfo 3.600MM Compriment Total 1.750RPM Largura Externa Garfo 680MMHG Peso 1.135KG Com Batrria E Carregador,Empilhadeira Elétrica Corrente Alimentação Contínua  Capacidade 1.500VA Altura Elevação Garfo 3.600MM Largura Externa Garfo 680MMHG Peso 1.135KG  Comprimento Total 1.750RPM Com Bateria E Carregador
13,13,13,6,Empilhadeira Elétrica Capacidade 1.500VA Corrente Alimentação Contínua Altura Elevação Garfo 3.600MM Comprimento Total 1.750RPM Largura Externa Garfo 680MMHG Peso 1.135KG Com Bateria E Carregador,100,semantico,"Forno Mufla para Processamento Térmico com Temperatura Máxima de 1.400 Volts, Largura de 600 Megabits por Segundo, Altura de 400 Volts, Profundidade de 680 Milímetros de Mercúrio e Volume de 163 Milímetros",Empilhadeira Elétrica Capadidade 1.500VA Corrente Alimentação Contínua Altura Elevação Garfo 3.600MM Compriment Total 1.750RPM Largura Externa Garfo 680MMHG Peso 1.135KG Com Batrria E Carregador,Empilhadeira Elétrica Corrente Alimentação Contínua  Capacidade 1.500VA Altura Elevação Garfo 3.600MM Largura Externa Garfo 680MMHG Peso 1.135KG  Comprimento Total 1.750RPM Com Bateria E Carregador
14,14,14,7,"Serra Portátil Tipo Sabre Quantidade Golpes Por Minuto 2.800MM Tensão Alimentação 220/230V Capacidade Corte Madeira 90GRA Capacidade Corte Aço 90GRA Capacidade Corte Alumínio 90GRA Potência 590MM Peso 2,90L Alimentação Bateria, Freio Elétrico E Comprimento",100,lexico,"Forno Mufla para Processamento de Materiais com Temperatura Máxima de 1.400 Volts, Largura de 600 Megabits por Segundo, Altura de 400 Volts, Profundidade de 680 Milímetros de Mercúrio e Volume de 163 Milímetros","Serra Portetil Tipo Sasbre Quantidade Golps Por Minito 2.800MM Tensão Alimentazção 220/230V Capacidade Corte Madeira 90GRA Capacdade Corte Aço 90GRA Capacidade Corte Alimínio 90GRA Potência 590MM Peso 2,90L Alimentação Bateria, Freio Elétrico E Compimento","Tipo Sabre Serra Portátil Potência 590MM Peso 2,90L Tensão Alimentação 220/230V Capacidade Corte Madeira 90GRA Capacidade Corte Aço 90GRA Capacidade Corte Alumínio 90GRA Alimentação Bateria, Freio Elétrico E Comprimento Quantidade Golpes Por Minuto 2.800MM"
15,15,15,7,"Serra Portátil Tipo Sabre Quantidade Golpes Por Minuto 2.800MM Tensão Alimentação 220/230V Capacidade Corte Madeira 90GRA Capacidade Corte Aço 90GRA Capacidade Corte Alumínio 90GRA Potência 590MM Peso 2,90L Alimentação Bateria, Freio Elétrico E Comprimento",100,semantico,"Forno Mufla para Processamento de Materiais com Temperatura Máxima de 1.400 Volts, Largura de 600 Megabits por Segundo, Altura de 400 Volts, Profundidade de 680 Milímetros de Mercúrio e Volume de 163 Milímetros","Serra Portetil Tipo Sasbre Quantidade Golps Por Minito 2.800MM Tensão Alimentazção 220/230V Capacidade Corte Madeira 90GRA Capacdade Corte Aço 90GRA Capacidade Corte Alimínio 90GRA Potência 590MM Peso 2,90L Alimentação Bateria, Freio Elétrico E Compimento","Tipo Sabre Serra Portátil Potência 590MM Peso 2,90L Tensão Alimentação 220/230V Capacidade Corte Madeira 90GRA Capacidade Corte Aço 90GRA Capacidade Corte Alumínio 90GRA Alimentação Bateria, Freio Elétrico E Comprimento Quantidade Golpes Por Minuto 2.800MM"
16,16,16,8,"Estação Solda Tensão Alimentação 110/220V Formato Ponta Cônica Fina Curva (0,4 E 0,5mm), Cônica Curva (3,5 Controle Termostático Incluído, Com Variação De +/- 3°C Acompanha Ferro De Solda, Suporte P/ Ferro De Sol Faixa Temperatura 100 A 450°C",100,lexico,"Fonte de Alimentação para Soldagem com Tensão de Entrada de 220/380/440 Volts CA, Freqüência de 60 Hertz, Capacidade de Soldagem com Eletrodos de até 6 Milímetros de Diâmetro, Corrente de 400 Volts e Peso de 250 Watts.","Estção Solda Tensão Alimenta ção 110/220V Formato Ponta Cônica Fina Curva (0,4 E 0,5mm), Cônica Curva (3,5 Controle Termostático Incluído, Com Variação De +/- 3°C Acompanha Ferro De Soida, Suporte P/ Ferro De Sol Faixa Temperatura 100 A 450°C","Estação Solda Formato Ponta Cônica Fina Curva (0,4 E 0,5mm), Cônica Curva (3,5 Controle Termostático Incluído, Com Variação De +/- 3°C Tensão Alimentação 110/220V Acompanha Ferro De Solda, Suporte P/ Ferro De Sol Faixa Temperatura 100 A 450°C"""
17,17,17,8,"Estação Solda Tensão Alimentação 110/220V Formato Ponta Cônica Fina Curva (0,4 E 0,5mm), Cônica Curva (3,5 Controle Termostático Incluído, Com Variação De +/- 3°C Acompanha Ferro De Solda, Suporte P/ Ferro De Sol Faixa Temperatura 100 A 450°C",100,semantico,"Fonte de Alimentação para Soldagem com Tensão de Entrada de 220/380/440 Volts CA, Freqüência de 60 Hertz, Capacidade de Soldagem com Eletrodos de até 6 Milímetros de Diâmetro, Corrente de 400 Volts e Peso de 250 Watts.","Estção Solda Tensão Alimenta ção 110/220V Formato Ponta Cônica Fina Curva (0,4 E 0,5mm), Cônica Curva (3,5 Controle Termostático Incluído, Com Variação De +/- 3°C Acompanha Ferro De Soida, Suporte P/ Ferro De Sol Faixa Temperatura 100 A 450°C","Estação Solda Formato Ponta Cônica Fina Curva (0,4 E 0,5mm), Cônica Curva (3,5 Controle Termostático Incluído, Com Variação De +/- 3°C Tensão Alimentação 110/220V Acompanha Ferro De Solda, Suporte P/ Ferro De Sol Faixa Temperatura 100 A 450°C"""
18,18,18,9,"Alvo De Tiro Papel Cartão Tipo Quadrado Tamanho 55 X 55MM Alvo Para Pistola, De Competição, 25 E 50 M.",100,lexico,"Fonte de Alimentação para Soldagem com Entrada de 220/380/440 Volts CA, Frequência de 60 Hertz, Compatible com Eletrodos de até 6 Milímetros de Diâmetro, Corrente de 400 Volts e Peso de 250 Watts.","Alvo De Tiro Papel Cartão Tipo Quadrsdo Tamanh 55 X 55MM Alvo Para Pistola, De Competição, 25 E 50 M.","Papel Cartão Tipo Quadrado Tamanho 55 X 55MM Alvo Para Pistola, De Competição, 25 E 50 M. Alvo De Tiro"
19,19,19,9,"Alvo De Tiro Papel Cartão Tipo Quadrado Tamanho 55 X 55MM Alvo Para Pistola, De Competição, 25 E 50 M.",100,semantico,"Fonte de Alimentação para Soldagem com Entrada de 220/380/440 Volts CA, Frequência de 60 Hertz, Compatible com Eletrodos de até 6 Milímetros de Diâmetro, Corrente de 400 Volts e Peso de 250 Watts.","Alvo De Tiro Papel Cartão Tipo Quadrsdo Tamanh 55 X 55MM Alvo Para Pistola, De Competição, 25 E 50 M.","Papel Cartão Tipo Quadrado Tamanho 55 X 55MM Alvo Para Pistola, De Competição, 25 E 50 M. Alvo De Tiro"
20,20,20,10,Bebida Alcoólica Procedência Nacional Tipo Saquê Teor Alcoolico 15 A 35°C,100,lexico,"Máquina de Soldagem Portátil com Freqüência Nominal de 50/60 Hertz, Tipo Inversor, Tensão Bivolt, Fator de Potência de 0,73, Faixa de Corrente de 10165 Ampères e Corrente de Entrada de 28,5 Ampères.",Bebida Alcolica Precedência Nacional Tipo Saquê Teor Alcolico 15 A 35°C,Teor Alcoolico 15 A 35°C Bebida Alcoólica Procedência Nacional Tipo Saquê
21,21,21,10,Bebida Alcoólica Procedência Nacional Tipo Saquê Teor Alcoolico 15 A 35°C,100,semantico,"Máquina de Soldagem Portátil com Freqüência Nominal de 50/60 Hertz, Tipo Inversor, Tensão Bivolt, Fator de Potência de 0,73, Faixa de Corrente de 10165 Ampères e Corrente de Entrada de 28,5 Ampères.",Bebida Alcolica Precedência Nacional Tipo Saquê Teor Alcolico 15 A 35°C,Teor Alcoolico 15 A 35°C Bebida Alcoólica Procedência Nacional Tipo Saquê
22,22,22,11,Êmbolo Válvula Hidráulica Plástico Rígido Aplicação Válvula Descarga Bitola 1 1/2POL,100,lexico,"Máquina de Soldagem Portátil com Freqüência Nominal de 50/60 Hertz, Modelo Inversor, Tensão Bivolt, Fator de Potência de 0,73, Faixa de Corrente de 10165 Amperes e Corrente de Entrada de 28,5 Amperes.",Êmbolo Válvula Hidráulca Plástico Rígido Aplicação Válvla Descarga Bitola 1 1/2POL,Êmbolo  Plástico Válvula Hidráulica Rígido Aplicação Válvula Descarga Bitola 1 1/2POL
23,23,23,11,Êmbolo Válvula Hidráulica Plástico Rígido Aplicação Válvula Descarga Bitola 1 1/2POL,100,semantico,"Máquina de Soldagem Portátil com Freqüência Nominal de 50/60 Hertz, Modelo Inversor, Tensão Bivolt, Fator de Potência de 0,73, Faixa de Corrente de 10165 Amperes e Corrente de Entrada de 28,5 Amperes.",Êmbolo Válvula Hidráulca Plástico Rígido Aplicação Válvla Descarga Bitola 1 1/2POL,Êmbolo  Plástico Válvula Hidráulica Rígido Aplicação Válvula Descarga Bitola 1 1/2POL
24,24,24,12,Grafite Grau Msp7 Isostático Apresentação Bloco Comprimento 180°C Largura 180°C Altura 300L,100,lexico,"Empilhadeira Elétrica com Capacidade de 1.500 Volts-Ampere, Alimentação por Corrente Contínua, Altura de Elevação do Garfo de 3.600 Milímetros, Comprimento Total de 1.750 Rotações por Minuto, Largura Externa do Garfo de 680 Milímetros de Mercúrio e Peso de 1.135 Quilogramas, acompanhada de Bateria e Carregador.",Grafiti Grau Msp7 Isostático Apresentação Bloco Comprinento 180°C Largura 180°C Altura 300L,Grafite Grau Msp7 Isostático Apresentação Altura 300L Largura 180°C  Bloco Comprimento 180°C
25,25,25,12,Grafite Grau Msp7 Isostático Apresentação Bloco Comprimento 180°C Largura 180°C Altura 300L,100,semantico,"Empilhadeira Elétrica com Capacidade de 1.500 Volts-Ampere, Alimentação por Corrente Contínua, Altura de Elevação do Garfo de 3.600 Milímetros, Comprimento Total de 1.750 Rotações por Minuto, Largura Externa do Garfo de 680 Milímetros de Mercúrio e Peso de 1.135 Quilogramas, acompanhada de Bateria e Carregador.",Grafiti Grau Msp7 Isostático Apresentação Bloco Comprinento 180°C Largura 180°C Altura 300L,Grafite Grau Msp7 Isostático Apresentação Altura 300L Largura 180°C  Bloco Comprimento 180°C
26,26,26,13,"Lanterna Não Elétrica Quantidade Pilhas 2MG Tamanho Pilha Grande Alumínio Anodizado Tipo Foco Regulável Diâmetro 39,67MM Comprimento 254MM A Prova D'Água E Corrosão",100,lexico,"Empilhadeira Elétrica com Capacidade de 1.500 Volt-Ampere, Alimentação por Corrente Contínua, Elevação do Garfo até 3.600 Milímetros, Comprimento Total de 1.750 Revoluções por Minuto, Largura Externa do Garfo de 680 Milímetros de Mercúrio e Peso de 1.135 Quilogramas, equipada com Bateria e Carregador.","Lanterna Não Elétrica Qantidade Pilhas 2MG Tamano Pilha Grande Alumínio Anosizado Tipo Foco Regulável Diâmetro 39,67MM Comprimento 254MM A Prova D'Água E Corrosão","Lanterna Não Elétrica Diâmetro 39,67MM Comprimento 254MM Quantidade Pilhas 2MG Tamanho Pilha Grande Alumínio Anodizado Tipo Foco Regulável A Prova D'Água E Corrosão"
27,27,27,13,"Lanterna Não Elétrica Quantidade Pilhas 2MG Tamanho Pilha Grande Alumínio Anodizado Tipo Foco Regulável Diâmetro 39,67MM Comprimento 254MM A Prova D'Água E Corrosão",100,semantico,"Empilhadeira Elétrica com Capacidade de 1.500 Volt-Ampere, Alimentação por Corrente Contínua, Elevação do Garfo até 3.600 Milímetros, Comprimento Total de 1.750 Revoluções por Minuto, Largura Externa do Garfo de 680 Milímetros de Mercúrio e Peso de 1.135 Quilogramas, equipada com Bateria e Carregador.","Lanterna Não Elétrica Qantidade Pilhas 2MG Tamano Pilha Grande Alumínio Anosizado Tipo Foco Regulável Diâmetro 39,67MM Comprimento 254MM A Prova D'Água E Corrosão","Lanterna Não Elétrica Diâmetro 39,67MM Comprimento 254MM Quantidade Pilhas 2MG Tamanho Pilha Grande Alumínio Anodizado Tipo Foco Regulável A Prova D'Água E Corrosão"
28,28,28,14,Moto-Esmeril Potência Motor 1/2POL Velocidade 3.400M3/H Tensão Alimentação 110/220V Quantidade Fases Monofásico Duplo Rebolo 6 X 3/4 X 5/8 Pol,100,lexico,"Serra Portátil do Tipo Sabre com Frequência de Golpes por Minuto de 2.800 por Minuto, Tensão de Alimentação de 220/230 Volts, Capacidade de Corte em Madeira de 90 Graus, Capacidade de Corte em Aço de 90 Graus, Capacidade de Corte em Alumínio de 90 Graus, Potência de 590 Milímetros, Peso de 2,90 Litros, Alimentação por Bateria, dotada de Freio Elétrico e Comprimento variável.",Moto-Esmeril Potência Motor 1/2POL Velocidad 3.400M3/H Tensão Alimentação 110/220V Qantidade Fases Monofásico Duplo Rebolo 6 X 3/4 X 5/8 Pol,Moto-Esmeril Tensão Alimentação 110/220V Quantidade Fases Monofásico Duplo Rebolo 6 X 3/4 X 5/8 Pol Potência Motor 1/2POL Velocidade 3.400M3/H
29,29,29,14,Moto-Esmeril Potência Motor 1/2POL Velocidade 3.400M3/H Tensão Alimentação 110/220V Quantidade Fases Monofásico Duplo Rebolo 6 X 3/4 X 5/8 Pol,100,semantico,"Serra Portátil do Tipo Sabre com Frequência de Golpes por Minuto de 2.800 por Minuto, Tensão de Alimentação de 220/230 Volts, Capacidade de Corte em Madeira de 90 Graus, Capacidade de Corte em Aço de 90 Graus, Capacidade de Corte em Alumínio de 90 Graus, Potência de 590 Milímetros, Peso de 2,90 Litros, Alimentação por Bateria, dotada de Freio Elétrico e Comprimento variável.",Moto-Esmeril Potência Motor 1/2POL Velocidad 3.400M3/H Tensão Alimentação 110/220V Qantidade Fases Monofásico Duplo Rebolo 6 X 3/4 X 5/8 Pol,Moto-Esmeril Tensão Alimentação 110/220V Quantidade Fases Monofásico Duplo Rebolo 6 X 3/4 X 5/8 Pol Potência Motor 1/2POL Velocidade 3.400M3/H
30,30,30,15,"Disco Liga Mista Metais Liga Astm 260 Espessura 14,40KB/S Aplicação Munição Naval / Artilharia Diâmetro 165,20MM",100,lexico,"Serra Circular Portátil do Tipo Sabre, realizando 2.800 Golpes por Minuto, com Tensão de Alimentação de 220/230 Volts, Capaz de Cortar Madeira até 90 Graus, Aço até 90 Graus e Alumínio até 90 Graus, com Potência de 590 Watts, Peso de 2,90 Litros, Alimentada por Bateria, com Freio Elétrico e Comprimento.","Diso Liga Mixta Metais Liga Astm 260 Espessura 14,40KB/S Aplicação Munição Naval / Artilaria Diâmetro 165,20MM","Disco Liga Mista Metais Espessura 14,40KB/S Liga Astm 260 Aplicação Munição Naval / Artilharia Diâmetro 165,20MM"
31,31,31,15,"Disco Liga Mista Metais Liga Astm 260 Espessura 14,40KB/S Aplicação Munição Naval / Artilharia Diâmetro 165,20MM",100,semantico,"Serra Circular Portátil do Tipo Sabre, realizando 2.800 Golpes por Minuto, com Tensão de Alimentação de 220/230 Volts, Capaz de Cortar Madeira até 90 Graus, Aço até 90 Graus e Alumínio até 90 Graus, com Potência de 590 Watts, Peso de 2,90 Litros, Alimentada por Bateria, com Freio Elétrico e Comprimento.","Diso Liga Mixta Metais Liga Astm 260 Espessura 14,40KB/S Aplicação Munição Naval / Artilaria Diâmetro 165,20MM","Disco Liga Mista Metais Espessura 14,40KB/S Liga Astm 260 Aplicação Munição Naval / Artilharia Diâmetro 165,20MM"
32,32,32,16,Filtro Óleo Referência Fabril Psl 301 Aplicação Veículo Micro Onibus Mercedes Bens,100,lexico,"Estação de Soldagem com Alimentação de Tensão de 110/220 Volts, Ponta Cônica Fina Curva de 0,4 e 0,5 milímetros, Controle Termostático Integrado com Variação de +/- 3°C, Acessório de Ferro de Solda Incluso, Suporte para Ferro de Sol, Faixa de Temperatura Operacional de 100 a 450 Graus Celsius.",Filto Óleo Referênca Fabril Psl 301 Aplicação Veículu Micr Onibus Mercedes Bens,Referência Fabril Psl 301 Filtro Óleo Aplicação Veículo Micro Onibus Mercedes Bens
33,33,33,16,Filtro Óleo Referência Fabril Psl 301 Aplicação Veículo Micro Onibus Mercedes Bens,100,semantico,"Estação de Soldagem com Alimentação de Tensão de 110/220 Volts, Ponta Cônica Fina Curva de 0,4 e 0,5 milímetros, Controle Termostático Integrado com Variação de +/- 3°C, Acessório de Ferro de Solda Incluso, Suporte para Ferro de Sol, Faixa de Temperatura Operacional de 100 a 450 Graus Celsius.",Filto Óleo Referênca Fabril Psl 301 Aplicação Veículu Micr Onibus Mercedes Bens,Referência Fabril Psl 301 Filtro Óleo Aplicação Veículo Micro Onibus Mercedes Bens
34,34,34,17,"Barreira Contenção / Absorvente Polipropileno Tipo Cordão Comprimento 1,20M Cor Verde Capacidade 3UN Largura 6MM Aplicação Isolamento Líquidos Abravisos",100,lexico,"Posto de Soldagem com Fonte de Alimentação de 110/220V, apresentando Ponta Cônica Fina Curva de 0,4 e 0,5mm, Controle Termostático Integrado, com Variação de +/- 3°C, acompanhado de Ferro de Solda e Suporte para Ferro de Solda, com Faixa de Temperatura de 100 a 450°C.","Barreira Contenção / Absorvente Poliprpileno Tipo Cordão Comprimento 1,20M Cor Verde Capacidsde 3UN Largura 6MM Aplicação Isolamanto Líqidos Abravisos","Barreira Contenção / Absorvente Cor Verde Comprimento 1,20M Capacidade 3UN Polipropileno Tipo Cordão Largura 6MM A Prova D'Água E Corrosão Aplicação Isolamento Líquidos Abravisos"
35,35,35,17,"Barreira Contenção / Absorvente Polipropileno Tipo Cordão Comprimento 1,20M Cor Verde Capacidade 3UN Largura 6MM Aplicação Isolamento Líquidos Abravisos",100,semantico,"Posto de Soldagem com Fonte de Alimentação de 110/220V, apresentando Ponta Cônica Fina Curva de 0,4 e 0,5mm, Controle Termostático Integrado, com Variação de +/- 3°C, acompanhado de Ferro de Solda e Suporte para Ferro de Solda, com Faixa de Temperatura de 100 a 450°C.","Barreira Contenção / Absorvente Poliprpileno Tipo Cordão Comprimento 1,20M Cor Verde Capacidsde 3UN Largura 6MM Aplicação Isolamanto Líqidos Abravisos","Barreira Contenção / Absorvente Cor Verde Comprimento 1,20M Capacidade 3UN Polipropileno Tipo Cordão Largura 6MM A Prova D'Água E Corrosão Aplicação Isolamento Líquidos Abravisos"
36,36,36,18,Equipamento / Acessório - Apicultura Aplicação Atividades Apícolas Tipo Laminador De Cera Aço Inóx Aisi 304 Dimensões 0.60 X 0.25 X 0.75CM Voltagem 220V Controle De Temperatura Automático,100,lexico,"Alvo de Tiro em Cartão Quadrado, com Dimensões de 55 por 55 Milímetros, Ideal para Pistolas de Competição a 25 e 50 Metros.",Equipamento / Acesório - Apicultura Aplicação Atividades Apícolas Tipo Lamnador De Cera Aço Inóx Aisi 304 Dimensões 0.60 X 0.25 X 0.75CM Voltagem 220V Controle De Temperatura Automático,Equipamento / Acessório - Apicultura Tipo Laminador De Cera Aço Inóx Aisi 304 Dimensões 0.60 X 0.25 X 0.75CM Voltagem 220V Aplicação Atividades Apícolas Controle De Temperatura Automático
37,37,37,18,Equipamento / Acessório - Apicultura Aplicação Atividades Apícolas Tipo Laminador De Cera Aço Inóx Aisi 304 Dimensões 0.60 X 0.25 X 0.75CM Voltagem 220V Controle De Temperatura Automático,100,semantico,"Alvo de Tiro em Cartão Quadrado, com Dimensões de 55 por 55 Milímetros, Ideal para Pistolas de Competição a 25 e 50 Metros.",Equipamento / Acesório - Apicultura Aplicação Atividades Apícolas Tipo Lamnador De Cera Aço Inóx Aisi 304 Dimensões 0.60 X 0.25 X 0.75CM Voltagem 220V Controle De Temperatura Automático,Equipamento / Acessório - Apicultura Tipo Laminador De Cera Aço Inóx Aisi 304 Dimensões 0.60 X 0.25 X 0.75CM Voltagem 220V Aplicação Atividades Apícolas Controle De Temperatura Automático
38,38,38,19,Óleo Combustível Viscosidade 960 Mm2/S Tipo Ocb2 Teor Enxofre Máximo De 1% Massa De Enxofre,100,lexico,"Alvo de Tiro em Cartão Quadrado, Medindo 55 por 55 Milímetros, Ideal para Pistolas de Competição a 25 e 50 Metros.",Óleo Cimbustível Viscosidad 960 Mm2/S Tipo Ocb2 Teor Enxofre Máximo De 1% Massa De Enxofre,Óleo Combustível Tipo Ocb2 Viscosidade 960 Mm2/S Teor Enxofre Máximo De 1% Massa De Enxofre
39,39,39,19,Óleo Combustível Viscosidade 960 Mm2/S Tipo Ocb2 Teor Enxofre Máximo De 1% Massa De Enxofre,100,semantico,"Alvo de Tiro em Cartão Quadrado, Medindo 55 por 55 Milímetros, Ideal para Pistolas de Competição a 25 e 50 Metros.",Óleo Cimbustível Viscosidad 960 Mm2/S Tipo Ocb2 Teor Enxofre Máximo De 1% Massa De Enxofre,Óleo Combustível Tipo Ocb2 Viscosidade 960 Mm2/S Teor Enxofre Máximo De 1% Massa De Enxofre
40,40,40,20,Adubo Animal Húmus De Minhoca Apresentação Orgânico Decomposto,100,lexico,Bebida Alcoólica Nacional do Tipo Sake com Teor Alcoólico de 15% e temperatura de serviço ideal entre 35 graus Celsius.,Adubu Anismal Húmus De Minhoca Apresenação Orgânico Decomposto,Orgânico Decomposto Apresentação Húmus De Minhoca Adubo Animal
41,41,41,20,Adubo Animal Húmus De Minhoca Apresentação Orgânico Decomposto,100,semantico,Bebida Alcoólica Nacional do Tipo Sake com Teor Alcoólico de 15% e temperatura de serviço ideal entre 35 graus Celsius.,Adubu Anismal Húmus De Minhoca Apresenação Orgânico Decomposto,Orgânico Decomposto Apresentação Húmus De Minhoca Adubo Animal
42,42,42,21,Bandeira Sinalização Polipropileno Tipo Experimentos Em Campo Formato Quadrado Cor Vermelha Comprimento 10CM Largura 9MM Com Haste De Fibra De Vidro,100,lexico,"Bebida Nacional de Origem Brasileira do Tipo Saquê, com Teor Alcoólico entre 15% e 35% a uma temperatura de 35 graus Celsius.",Bandeira Sinalzção Polipropileno Tipo Experimentos Em Canpo Formato Quadrsdo Cor Vermelha Comprimento 10CM Largura 9MM Com Haste De Fbra De Virdo,Sinalização Bandeira Polipropileno Tipo Formato Quadrado Cor Vermelha Comprimento 10CM Largura 9MM Com Haste De Fibra De Vidro Para Experimentos Em Campo
43,43,43,21,Bandeira Sinalização Polipropileno Tipo Experimentos Em Campo Formato Quadrado Cor Vermelha Comprimento 10CM Largura 9MM Com Haste De Fibra De Vidro,100,semantico,"Bebida Nacional de Origem Brasileira do Tipo Saquê, com Teor Alcoólico entre 15% e 35% a uma temperatura de 35 graus Celsius.",Bandeira Sinalzção Polipropileno Tipo Experimentos Em Canpo Formato Quadrsdo Cor Vermelha Comprimento 10CM Largura 9MM Com Haste De Fbra De Virdo,Sinalização Bandeira Polipropileno Tipo Formato Quadrado Cor Vermelha Comprimento 10CM Largura 9MM Com Haste De Fibra De Vidro Para Experimentos Em Campo
44,44,44,22,"Escrivaninha Madeira Mdf Revestimento Recouro Padrão Acabamento Laca Altura 75 Largura 2,20M Profundidade 70MIN",100,lexico,Êmbolo de Válvula Hidráulica em Plástico Rígido para Aplicação de Válvula de Descarga com Bitola de 1 1/2 Polegadas.,"Escrivaninha Madeira Mdf Revstimento Recouro Padrão Acabamento Laca Altura 75 Largura 2,20M Profundidade 70MIN","Madeira MDF Revestimento Padrão Recouro Acabamento Laca Altura 75 Largura 2,20M Profundidade 70MIN Escrivaninha"
45,45,45,22,"Escrivaninha Madeira Mdf Revestimento Recouro Padrão Acabamento Laca Altura 75 Largura 2,20M Profundidade 70MIN",100,semantico,Êmbolo de Válvula Hidráulica em Plástico Rígido para Aplicação de Válvula de Descarga com Bitola de 1 1/2 Polegadas.,"Escrivaninha Madeira Mdf Revstimento Recouro Padrão Acabamento Laca Altura 75 Largura 2,20M Profundidade 70MIN","Madeira MDF Revestimento Padrão Recouro Acabamento Laca Altura 75 Largura 2,20M Profundidade 70MIN Escrivaninha"
46,46,46,23,"Terminal Bateria Tipo Positivo Aplicação Vbco Ap M109 A3/A5 Referência 5940-00-549-6581, P/N Ms75004-1,Manual Tm9-2350-31 Metal",100,lexico,Pistão Válvula Hidráulica de Plástico Rígido para Uso em Válvula de Descarga com Bitola de 1 1/2 Polegadas,"Terminal Bateria Tipo Positvo Aplicação Vbco Ap M109 A3/A5 Refrência 5940-00-549-6581, P/N Ms75004-1,Manual Tm9-2350-31 Metal","Tipo Positivo Terminal Bateria Aplicação VBCO AP M109 A3/A5 Referência 5940-00-549-6581, P/N MS75004-1,Manual TM9-2350-31 Metal"
47,47,47,23,"Terminal Bateria Tipo Positivo Aplicação Vbco Ap M109 A3/A5 Referência 5940-00-549-6581, P/N Ms75004-1,Manual Tm9-2350-31 Metal",100,semantico,Pistão Válvula Hidráulica de Plástico Rígido para Uso em Válvula de Descarga com Bitola de 1 1/2 Polegadas,"Terminal Bateria Tipo Positvo Aplicação Vbco Ap M109 A3/A5 Refrência 5940-00-549-6581, P/N Ms75004-1,Manual Tm9-2350-31 Metal","Tipo Positivo Terminal Bateria Aplicação VBCO AP M109 A3/A5 Referência 5940-00-549-6581, P/N MS75004-1,Manual TM9-2350-31 Metal"
48,48,48,24,Acessório/Componente Elétrico Eletrônico Tipo Suporte Conico Duplo Plástico Dielétrico De Alta Resistência Aplicação Ancoragem De Cabos Ópticos E Cabo Flat Drop Tipo Fixação Braçadeira Bap Dimensões Da Roldana:  40 X 20 X 10 Mm,100,lexico,"Bloco de Grafite de Grau Msp7 Isostático, disponível em Formato de Bloco, Comprimento de 180 Milímetros, Largura de 180 Milímetros e Altura de 300 Litros.",Acesório/Componente Elétrico Eletrônico Tipo Suprte Conico Duplo Plástico Dielétrico De Alta Rsistência Aplicação Ancoragem De Cabos Ópticos E Cabo Flat Drop Tipo Fixação Braçadeira Bap Dimensões Da Roldana:  40 X 20 X 10 Mm,Acessório/Componente Elétrico  Duplo Plástico Dielétrico De Alta Resistência Eletrônico Tipo Suporte Conico Aplicação Ancoragem De Cabo Flat Drop e Cabos Ópticos Tipo Fixação Braçadeira Bap Dimensões Da Roldana:  40 X 20 X 10 Mm
49,49,49,24,Acessório/Componente Elétrico Eletrônico Tipo Suporte Conico Duplo Plástico Dielétrico De Alta Resistência Aplicação Ancoragem De Cabos Ópticos E Cabo Flat Drop Tipo Fixação Braçadeira Bap Dimensões Da Roldana:  40 X 20 X 10 Mm,100,semantico,"Bloco de Grafite de Grau Msp7 Isostático, disponível em Formato de Bloco, Comprimento de 180 Milímetros, Largura de 180 Milímetros e Altura de 300 Litros.",Acesório/Componente Elétrico Eletrônico Tipo Suprte Conico Duplo Plástico Dielétrico De Alta Rsistência Aplicação Ancoragem De Cabos Ópticos E Cabo Flat Drop Tipo Fixação Braçadeira Bap Dimensões Da Roldana:  40 X 20 X 10 Mm,Acessório/Componente Elétrico  Duplo Plástico Dielétrico De Alta Resistência Eletrônico Tipo Suporte Conico Aplicação Ancoragem De Cabo Flat Drop e Cabos Ópticos Tipo Fixação Braçadeira Bap Dimensões Da Roldana:  40 X 20 X 10 Mm
50,50,50,25,Detector Metais Formato Raquete Tensão Alimentação 9MM Plástico Abs,100,lexico,"Bloco de Grafite de Grau Msp7 Isostático, apresentado em forma de Bloco, com Comprimento de 180 Centímetros, Largura de 180 Centímetros e Altura de 300 Litros.",Detectr Metais Formato Raquete Tensão Alimenação 9MM Plástico Abs,Detector Metais Formato Raquete Plástico Abs Tensão Alimentação 9MM
51,51,51,25,Detector Metais Formato Raquete Tensão Alimentação 9MM Plástico Abs,100,semantico,"Bloco de Grafite de Grau Msp7 Isostático, apresentado em forma de Bloco, com Comprimento de 180 Centímetros, Largura de 180 Centímetros e Altura de 300 Litros.",Detectr Metais Formato Raquete Tensão Alimenação 9MM Plástico Abs,Detector Metais Formato Raquete Plástico Abs Tensão Alimentação 9MM
52,52,52,26,"Tubo Porta-Documento Papelão Kraft Diâmetro Interno 4,50CM Comprimento 34POL Aplicação Acondicionar Plantas, Documentos, Mapas, Cartazes Tampa De Encaixe Por Pressão, Frisos Dourados",100,lexico,"Lanterna Não Elétrica com Capacidade para 2 Grandes Pilhas de Magnésio, Construída em Alumínio Anodizado, com Foco Regulável e Diâmetro de 39,67 Milímetros, Comprimento de 254 Milímetros, Resistente à Água e Corrosão.","Tubo Porta-Docmento Papelão Kraft Diâmetro Interno 4,50CM Comprimnto 34POL Aplicação Acondicionar Plantas, Documentos, Mapas, Cartazes Tampa De Encaixe Por Pressão, Frisos Dourados","Tubo Porta-Documento Diâmetro Interno 4,50CM Comprimento 34POL Papelão Kraft Aplicação Acondicionar, Documentos, Mapas, Plantas, Cartazes Frisos Dourados, Tampa De Encaixe Por Pressão"
53,53,53,26,"Tubo Porta-Documento Papelão Kraft Diâmetro Interno 4,50CM Comprimento 34POL Aplicação Acondicionar Plantas, Documentos, Mapas, Cartazes Tampa De Encaixe Por Pressão, Frisos Dourados",100,semantico,"Lanterna Não Elétrica com Capacidade para 2 Grandes Pilhas de Magnésio, Construída em Alumínio Anodizado, com Foco Regulável e Diâmetro de 39,67 Milímetros, Comprimento de 254 Milímetros, Resistente à Água e Corrosão.","Tubo Porta-Docmento Papelão Kraft Diâmetro Interno 4,50CM Comprimnto 34POL Aplicação Acondicionar Plantas, Documentos, Mapas, Cartazes Tampa De Encaixe Por Pressão, Frisos Dourados","Tubo Porta-Documento Diâmetro Interno 4,50CM Comprimento 34POL Papelão Kraft Aplicação Acondicionar, Documentos, Mapas, Plantas, Cartazes Frisos Dourados, Tampa De Encaixe Por Pressão"
54,54,54,27,"Despolpadeira Frutas Aço Inoxidável Escova Alumínio Comprimento 68,50MM Largura 81,50MM Altura 22AWG Capacidade Produção 60MM Voltagem 220V",100,lexico,"Lanterna Não Elétrica com Capacidade para 2 Grandes Pilhas de Magnésio, Construída em Alumínio Anodizado, com um Foco Regulável e Diâmetro de 39,67 Milímetros, Comprimento de 254 Milímetros, Resiste à Água e Corrosão.","Despoupadera Frutas Aço Inoxidável Escova Alumínio Conprimento 68,50MM Largura 81,50MM Altura 22AWG Capacidade Produção 60MM Voltagem 220V","Despolpadeira Frutas Escova Alumínio Largura 81,50MM Comprimento 68,50MM  Capacidade Produção 60MM Voltagem 220V Altura 22AWG Aço Inoxidável"
55,55,55,27,"Despolpadeira Frutas Aço Inoxidável Escova Alumínio Comprimento 68,50MM Largura 81,50MM Altura 22AWG Capacidade Produção 60MM Voltagem 220V",100,semantico,"Lanterna Não Elétrica com Capacidade para 2 Grandes Pilhas de Magnésio, Construída em Alumínio Anodizado, com um Foco Regulável e Diâmetro de 39,67 Milímetros, Comprimento de 254 Milímetros, Resiste à Água e Corrosão.","Despoupadera Frutas Aço Inoxidável Escova Alumínio Conprimento 68,50MM Largura 81,50MM Altura 22AWG Capacidade Produção 60MM Voltagem 220V","Despolpadeira Frutas Escova Alumínio Largura 81,50MM Comprimento 68,50MM  Capacidade Produção 60MM Voltagem 220V Altura 22AWG Aço Inoxidável"
56,56,56,28,Lâmina Limpeza Máquina Copiadora Plástico Aplicação Impressora Igen3 Xerox Referência 035k08600,100,lexico,"Moto-Esmeril com Potência de Motor de 1/2 Polegada, Velocidade de 3.400 metros cúbicos por hora, Tensão de Alimentação de 110/220 Volts, Quantidade de Fases Monofásico Duplo e Rebolo de 6 por 3/4 por 5/8 Polegada.",Lâmima Limpesa Máquina Copiadora Plástivo Aplicação Impressora Igen3 Xerox Referência 035k08600,Máquina Copiadora Lâmina Limpeza Plástico Aplicação Referência 035k08600 Impressora Igen3 Xerox
57,57,57,28,Lâmina Limpeza Máquina Copiadora Plástico Aplicação Impressora Igen3 Xerox Referência 035k08600,100,semantico,"Moto-Esmeril com Potência de Motor de 1/2 Polegada, Velocidade de 3.400 metros cúbicos por hora, Tensão de Alimentação de 110/220 Volts, Quantidade de Fases Monofásico Duplo e Rebolo de 6 por 3/4 por 5/8 Polegada.",Lâmima Limpesa Máquina Copiadora Plástivo Aplicação Impressora Igen3 Xerox Referência 035k08600,Máquina Copiadora Lâmina Limpeza Plástico Aplicação Referência 035k08600 Impressora Igen3 Xerox
58,58,58,29,Mangueira Radiador Veículo Automotivo Tipo Superior Referência 2to/121101 Aplicação Veículo Volkswagen Worker 15.210 4x4 Diesel,100,lexico,"Moto-Esmeril com Potência do Motor de 1/2 Cavalo-Vapor, Velocidade de 3.400 Metros Cúbicos por Hora, Tensão de Alimentação de 110/220 Volts, Quantidade de Fases Monofásico Duplo e Rebolo Duplo de 6 por 3/4 por 5/8 Polegadas.",Manguera Radiador Veículo Automotivo Tipo Superior Refrência 2to/121101 Aplicação Veícaulo Volkswagen Worker 15.210 4x4 Diesel,Mangueira Radiador  Tipo Superior Referência 2to/121101 Veículo Automotivo Aplicação Worker 15.210 4x4 Diesel Veículo Volkswagen
59,59,59,29,Mangueira Radiador Veículo Automotivo Tipo Superior Referência 2to/121101 Aplicação Veículo Volkswagen Worker 15.210 4x4 Diesel,100,semantico,"Moto-Esmeril com Potência do Motor de 1/2 Cavalo-Vapor, Velocidade de 3.400 Metros Cúbicos por Hora, Tensão de Alimentação de 110/220 Volts, Quantidade de Fases Monofásico Duplo e Rebolo Duplo de 6 por 3/4 por 5/8 Polegadas.",Manguera Radiador Veículo Automotivo Tipo Superior Refrência 2to/121101 Aplicação Veícaulo Volkswagen Worker 15.210 4x4 Diesel,Mangueira Radiador  Tipo Superior Referência 2to/121101 Veículo Automotivo Aplicação Worker 15.210 4x4 Diesel Veículo Volkswagen
60,60,60,30,Chumbo Aspecto Físico Sólido Apresentação Barra Aplicação Ontrapeso Para Balanceamento De Rodas 5 Gramas; Encaixe: Garra,100,lexico,"Disco de Liga de Metais ASTM 260 com Espessura de 14,40 Quilobits por Segundo, aplicado em Munição Naval e Artilharia, apresentando Diâmetro de 165,20 Milímetros",Xumbo Aspecto Físico Sólido Apresentação Barra Aplicação Ontrapeso Para Balanceamento De Rodas 5 Gramas; Encaixe: Garra,Barra Aplicação Ontrapeso Para Balanceamento De Rodas Apresentação Chumbo Aspecto Físico Sólido Encaixe: Garra 5 Gramas
61,61,61,30,Chumbo Aspecto Físico Sólido Apresentação Barra Aplicação Ontrapeso Para Balanceamento De Rodas 5 Gramas; Encaixe: Garra,100,semantico,"Disco de Liga de Metais ASTM 260 com Espessura de 14,40 Quilobits por Segundo, aplicado em Munição Naval e Artilharia, apresentando Diâmetro de 165,20 Milímetros",Xumbo Aspecto Físico Sólido Apresentação Barra Aplicação Ontrapeso Para Balanceamento De Rodas 5 Gramas; Encaixe: Garra,Barra Aplicação Ontrapeso Para Balanceamento De Rodas Apresentação Chumbo Aspecto Físico Sólido Encaixe: Garra 5 Gramas
62,62,62,31,Bisturi Descartável Cabo Cabo De Plástico Lâmina Lâmina Aço Inoxidável Tamanho Lâmina 20AWG Esterilidade Estéril Sistema De Segurança Segundo Nr/32,100,lexico,"Disco de Liga de Metais ASTM 260 com Espessura de 14,40 Quilobytes por Segundo, Aplicado em Munição Naval e Artilharia, apresentando Diâmetro de 165,20 Milímetros.",Bisturi Descrtável Cabo Cabo De Plástico Lâmina Lâmina Aço Inxidável Tamanho Lâmina 20AWG Esterilidade Estéril Sistema De Segurança Segundo Nr/32,Bisturi Descartável Cabo Lâmina Cabo De Plástico  Lâmina Aço Inoxidável Esterilidade Estéril Tamanho Lâmina 20AWG  Segundo Nr/32 Sistema De Segurança
63,63,63,31,Bisturi Descartável Cabo Cabo De Plástico Lâmina Lâmina Aço Inoxidável Tamanho Lâmina 20AWG Esterilidade Estéril Sistema De Segurança Segundo Nr/32,100,semantico,"Disco de Liga de Metais ASTM 260 com Espessura de 14,40 Quilobytes por Segundo, Aplicado em Munição Naval e Artilharia, apresentando Diâmetro de 165,20 Milímetros.",Bisturi Descrtável Cabo Cabo De Plástico Lâmina Lâmina Aço Inxidável Tamanho Lâmina 20AWG Esterilidade Estéril Sistema De Segurança Segundo Nr/32,Bisturi Descartável Cabo Lâmina Cabo De Plástico  Lâmina Aço Inoxidável Esterilidade Estéril Tamanho Lâmina 20AWG  Segundo Nr/32 Sistema De Segurança
64,64,64,32,Polvaroma Apresentação Pó Amrelado Sabor Laranja Aplicação Fabricação De Medicamento De Uso Humano,100,lexico,Filtro de Óleo de Referência Fabril Psl 301 para Aplicação em Veículos Micro-ônibus da Marca Mercedes-Benz.,Polvaroma Apresentação Pó Amrelado Sabor Laranja Aplicação Fabricação De Medicamento De Uso Humano,Apresentação Aplicação Fabricação  De Medicamento De Uso Humano Pó Amrelado Sabor Laranja Polvaroma
65,65,65,32,Polvaroma Apresentação Pó Amrelado Sabor Laranja Aplicação Fabricação De Medicamento De Uso Humano,100,semantico,Filtro de Óleo de Referência Fabril Psl 301 para Aplicação em Veículos Micro-ônibus da Marca Mercedes-Benz.,Polvaroma Apresentação Pó Amrelado Sabor Laranja Aplicação Fabricação De Medicamento De Uso Humano,Apresentação Aplicação Fabricação  De Medicamento De Uso Humano Pó Amrelado Sabor Laranja Polvaroma
66,66,66,33,Tenda Inflável Rip Stop-250 Tratamento Superficial Impermeabilizado Tensão BivoltV Acessórios Tela De Nylon Aplicação Eventos Diversos E Sinalização Conforme Modelo Comprimento 1UN Largura 6MM Altura 4MG,100,lexico,"Filtro de Óleo para Veículos, modelo Psl 301, ideal para Micro Ônibus Mercedes Benz, de aplicação fabril.",Tenda Inflevel Rip Stop-250 Tratamento Superficial Himperneabilizado Tensão BivoltV Acesórios Tela De Nylon Aplicação Eventos Diversos E Sinalização Conforme Modelo Comprimento 1UN Largura 6MM Altura 4MG,Rip Stop-250 Tratamento Superficial Impermeabilizado Tenda Inflável Tensão BivoltV Acessórios Tela De Nylon Aplicação Sinalização E Eventos Diversos Largura 6MM Altura 4MG Conforme Modelo Comprimento 1UN
67,67,67,33,Tenda Inflável Rip Stop-250 Tratamento Superficial Impermeabilizado Tensão BivoltV Acessórios Tela De Nylon Aplicação Eventos Diversos E Sinalização Conforme Modelo Comprimento 1UN Largura 6MM Altura 4MG,100,semantico,"Filtro de Óleo para Veículos, modelo Psl 301, ideal para Micro Ônibus Mercedes Benz, de aplicação fabril.",Tenda Inflevel Rip Stop-250 Tratamento Superficial Himperneabilizado Tensão BivoltV Acesórios Tela De Nylon Aplicação Eventos Diversos E Sinalização Conforme Modelo Comprimento 1UN Largura 6MM Altura 4MG,Rip Stop-250 Tratamento Superficial Impermeabilizado Tenda Inflável Tensão BivoltV Acessórios Tela De Nylon Aplicação Sinalização E Eventos Diversos Largura 6MM Altura 4MG Conforme Modelo Comprimento 1UN
68,68,68,34,"Baú Ferramentas Chapa Aço Acabamento Superficial Pintura Eletrostática Cor Azul Comprimento 500UI Largura 160MM Altura 185CM Peso 2,80M/MIN Com Bandeja E Lingueta Para Cadeado",100,lexico,"Barreira de Contenção / Absorvente de Polipropileno do Tipo Cordão, com Comprimento de 1,20 Metro, Cor Verde, Capacidade de 3 Unidades e Largura de 6 Milímetros, destinada à Aplicação de Isolamento de Líquidos e Abrasivos.","Baú Ferrmentas Chapa Aço Acabamento Suprficial Pintura Eletrostática Cor Azul Comprimento 500UI Largura 160MM Altura 185CM Peso 2,80M/MIN Com Bandeja E Lingueta Para Cadeado","Chapa Aço Acabamento Superficial Pintura Eletrostática Baú Ferramentas Altura 185CM Largura 160MM  Cor Azul Comprimento 500UI Peso 2,80M/MIN Lingueta Para Cadeado E Com Bandeja"
69,69,69,34,"Baú Ferramentas Chapa Aço Acabamento Superficial Pintura Eletrostática Cor Azul Comprimento 500UI Largura 160MM Altura 185CM Peso 2,80M/MIN Com Bandeja E Lingueta Para Cadeado",100,semantico,"Barreira de Contenção / Absorvente de Polipropileno do Tipo Cordão, com Comprimento de 1,20 Metro, Cor Verde, Capacidade de 3 Unidades e Largura de 6 Milímetros, destinada à Aplicação de Isolamento de Líquidos e Abrasivos.","Baú Ferrmentas Chapa Aço Acabamento Suprficial Pintura Eletrostática Cor Azul Comprimento 500UI Largura 160MM Altura 185CM Peso 2,80M/MIN Com Bandeja E Lingueta Para Cadeado","Chapa Aço Acabamento Superficial Pintura Eletrostática Baú Ferramentas Altura 185CM Largura 160MM  Cor Azul Comprimento 500UI Peso 2,80M/MIN Lingueta Para Cadeado E Com Bandeja"
70,70,70,35,"Calibrador Radiação Voltagem 100/240V Frequência 50/60HZ Aplicação Medição De Radioatividade De Radiofármacos Resolução De 0,1 Microcurie",100,lexico,"Cordão de Contenção de Polipropileno, tipo Barreira Absorvente, com Comprimento de 1,20 Metro, Cor Verde, Capacidade de 3 Unidades, Largura de 6 Milímetros, ideal para Aplicação em Isolamento de Líquidos e Controle de Abrasivos.","Calibrador Radiação Voltagem 100/240V Freqêncio 50/60HZ Aplicação Mdição De Radioatividade De Radiofármacos Carcterísticas Adicionais Resolução De 0,1 Microcurie","Calibrador Radiação Frequência 50/60HZ Voltagem 100/240V Medição De Radioatividade De Radiofármacos Aplicação Resolução De 0,1 Microcurie Adicionais"
71,71,71,35,"Calibrador Radiação Voltagem 100/240V Frequência 50/60HZ Aplicação Medição De Radioatividade De Radiofármacos Resolução De 0,1 Microcurie",100,semantico,"Cordão de Contenção de Polipropileno, tipo Barreira Absorvente, com Comprimento de 1,20 Metro, Cor Verde, Capacidade de 3 Unidades, Largura de 6 Milímetros, ideal para Aplicação em Isolamento de Líquidos e Controle de Abrasivos.","Calibrador Radiação Voltagem 100/240V Freqêncio 50/60HZ Aplicação Mdição De Radioatividade De Radiofármacos Carcterísticas Adicionais Resolução De 0,1 Microcurie","Calibrador Radiação Frequência 50/60HZ Voltagem 100/240V Medição De Radioatividade De Radiofármacos Aplicação Resolução De 0,1 Microcurie Adicionais"
72,72,72,36,Forro Gesso Sulfato De Cálcio Apresentação Gesso Acartonado Aplicação Teto Ambiente Comercial Acabamento Superficial Natural Comprimento 1.243MM Largura 618MM Espessura 8MB,100,lexico,"Equipamento de Apicultura para Atividades Apícolas, do Tipo Laminador de Cera, fabricado em Aço Inóx Aisi 304, com Dimensões de 0,60 por 0,25 por 0,75 Centímetros, funcionando com Voltagem de 220 Volts e Controle de Temperatura Automático.",Forro Geso Sulfato De Cálcio Apresentação Gesso Acartunado Aplicação Teto Ambiente Comercial Acabamento Superficial Natural Comprimento 1.243MM Largura 618MM Espessura 8MB,Forro Gesso Apresentação Gesso Acartonado Sulfato De Cálcio  Aplicação Superficial Natural Teto Ambiente Comercial Acabamento Largura 618MM  Espessura 8MB Comprimento 1.243MM
73,73,73,36,Forro Gesso Sulfato De Cálcio Apresentação Gesso Acartonado Aplicação Teto Ambiente Comercial Acabamento Superficial Natural Comprimento 1.243MM Largura 618MM Espessura 8MB,100,semantico,"Equipamento de Apicultura para Atividades Apícolas, do Tipo Laminador de Cera, fabricado em Aço Inóx Aisi 304, com Dimensões de 0,60 por 0,25 por 0,75 Centímetros, funcionando com Voltagem de 220 Volts e Controle de Temperatura Automático.",Forro Geso Sulfato De Cálcio Apresentação Gesso Acartunado Aplicação Teto Ambiente Comercial Acabamento Superficial Natural Comprimento 1.243MM Largura 618MM Espessura 8MB,Forro Gesso Apresentação Gesso Acartonado Sulfato De Cálcio  Aplicação Superficial Natural Teto Ambiente Comercial Acabamento Largura 618MM  Espessura 8MB Comprimento 1.243MM
74,74,74,37,Gás Refrigeração Tipo R 22 Aplicação Câmara De Congelamento -18°C,100,lexico,"Equipamento de Apoio à Apicultura para Atividades Apícolas, com Laminador de Cera em Aço Inóx AISI 304, Dimensões de 0,60 por 0,25 por 0,75 Centímetros, alimentado por 220 Volts e dotado de Controle de Temperatura Automático.",Gás Rifrigeração Tipo R 22 Aplicação Câmera De Congelamento -18°C,Câmara Aplicação De Congelamento -18°C Gás Refrigeração Tipo R 22
75,75,75,37,Gás Refrigeração Tipo R 22 Aplicação Câmara De Congelamento -18°C,100,semantico,"Equipamento de Apoio à Apicultura para Atividades Apícolas, com Laminador de Cera em Aço Inóx AISI 304, Dimensões de 0,60 por 0,25 por 0,75 Centímetros, alimentado por 220 Volts e dotado de Controle de Temperatura Automático.",Gás Rifrigeração Tipo R 22 Aplicação Câmera De Congelamento -18°C,Câmara Aplicação De Congelamento -18°C Gás Refrigeração Tipo R 22
76,76,76,38,Anodo Matéria-Prima Cádmio,100,lexico,"Óleo Combustível com Viscosidade de 960 Milímetros Quadrados por Segundo, Tipo Ocb2, teor de Enxofre Máximo de 1 Por Cento e Massa de Enxofre.",Anoudo Matéria-Prima Cádmio,Anodo Cádmio Matéria-Prima
77,77,77,38,Anodo Matéria-Prima Cádmio,100,semantico,"Óleo Combustível com Viscosidade de 960 Milímetros Quadrados por Segundo, Tipo Ocb2, teor de Enxofre Máximo de 1 Por Cento e Massa de Enxofre.",Anoudo Matéria-Prima Cádmio,Anodo Cádmio Matéria-Prima
78,78,78,39,Tira Reagente Papel Aplicação Quantitativo De Cloro Até 200 Ppm,100,lexico,"Óleo Combustível de Alta Viscosidade de 960 Milímetros Quadrados por Segundo, Tipo Ocb2, com Teor de Enxofre Máximo de 1 Por Cento e Massa de Enxofre.",Tira Reagnte Papel Aplicação Quantitativo De Cloro Até 200 Ppm,Tira Reagente Papel Aplicação Quantitativo De Cloro Até 200 Ppm
79,79,79,39,Tira Reagente Papel Aplicação Quantitativo De Cloro Até 200 Ppm,100,semantico,"Óleo Combustível de Alta Viscosidade de 960 Milímetros Quadrados por Segundo, Tipo Ocb2, com Teor de Enxofre Máximo de 1 Por Cento e Massa de Enxofre.",Tira Reagnte Papel Aplicação Quantitativo De Cloro Até 200 Ppm,Tira Reagente Papel Aplicação Quantitativo De Cloro Até 200 Ppm
80,80,80,40,Disquete Tamanho 3 1/2POL Capacidade 1.44MB Taxa Densidade 2 Hd,100,lexico,Adubo Orgânico Natural com Húmus de Minhoca Decompostado,Disqute Tamanho 3 1/2POL Capacidade 1.44MB Taxa Densidad 2 Hd,Tamanho 3 1/2POL Taxa Densidade 2 Hd Disquete Capacidade 1.44MB
81,81,81,40,Disquete Tamanho 3 1/2POL Capacidade 1.44MB Taxa Densidade 2 Hd,100,semantico,Adubo Orgânico Natural com Húmus de Minhoca Decompostado,Disqute Tamanho 3 1/2POL Capacidade 1.44MB Taxa Densidad 2 Hd,Tamanho 3 1/2POL Taxa Densidade 2 Hd Disquete Capacidade 1.44MB
82,82,82,41,"""Doce Leite"" Ingredientes Leite Integral/Edulcorantes/Sorbitol/Sucralose Prazo Validade Mínimo 12UN Tipo Cremoso Dietético/Com Registro No Mapa - Sif/Dipoa",100,lexico,"Fertilizante Natural para Animais, composto por Húmus de Minhoca, apresentado em forma Orgânica e Decomposta.","""Duce Leite"" Ingredientes Leite Integral/Edulcorantes/Sorbitol/Sucralose Prazo Valisdade Mínimo 12UN Tipo Cremoso Dietético/Com Registro No Mapa - Sif/Dipoa","Ingredientes """"""Doce Leite"""" Prazo Validade Mínimo 12UN Leite Integral/Sucralose/Sorbitol/Edulcorantes Tipo Cremoso Registro No Mapa - Sif/Dipoa Adicionais Dietético/Com"
83,83,83,41,"""Doce Leite"" Ingredientes Leite Integral/Edulcorantes/Sorbitol/Sucralose Prazo Validade Mínimo 12UN Tipo Cremoso Dietético/Com Registro No Mapa - Sif/Dipoa",100,semantico,"Fertilizante Natural para Animais, composto por Húmus de Minhoca, apresentado em forma Orgânica e Decomposta.","""Duce Leite"" Ingredientes Leite Integral/Edulcorantes/Sorbitol/Sucralose Prazo Valisdade Mínimo 12UN Tipo Cremoso Dietético/Com Registro No Mapa - Sif/Dipoa","Ingredientes """"""Doce Leite"""" Prazo Validade Mínimo 12UN Leite Integral/Sucralose/Sorbitol/Edulcorantes Tipo Cremoso Registro No Mapa - Sif/Dipoa Adicionais Dietético/Com"
84,84,84,42,Bujão Óleo Abastecimento Referência 14325311 Aplicação Fiat Doblo Modelo: Atractive Uso Diferencial,100,lexico,"Placa de Sinalização feita de Polipropileno para Experimentos em Campo, com Formato Quadrado, Cor Vermelho, Comprimento de 10 Centímetros, Largura de 9 Milímetros e haste de Fibra de Vidro.",Bijão Óleo Abastecimento Referência 14325311 Apliração Fiat Doblo Model: Atractive Uso Diferencial,Abastecimento Referência 14325311 Bujão Óleo Aplicação Fiat Doblo Modelo: Atractive Uso Diferencial
85,85,85,42,Bujão Óleo Abastecimento Referência 14325311 Aplicação Fiat Doblo Modelo: Atractive Uso Diferencial,100,semantico,"Placa de Sinalização feita de Polipropileno para Experimentos em Campo, com Formato Quadrado, Cor Vermelho, Comprimento de 10 Centímetros, Largura de 9 Milímetros e haste de Fibra de Vidro.",Bijão Óleo Abastecimento Referência 14325311 Apliração Fiat Doblo Model: Atractive Uso Diferencial,Abastecimento Referência 14325311 Bujão Óleo Aplicação Fiat Doblo Modelo: Atractive Uso Diferencial
86,86,86,43,Folheto Nao Tecnico Papel Couchê Tipo Flyer Medida 15 X 21CM Tipo Impressão 4/0 Conforme Modelo,100,lexico,"Sinalizador de Campo de Polipropileno Quadrado Vermelho com Haste de Fibra de Vidro, Comprimento de 10 Centímetros e Largura de 9 Milímetros",Folhero Nao Tecnco Papel Cochê Tipo Flyer Medida 15 X 21CM Tipo Impressão 4/0 Conforme Modelo,Folheto Nao Tecnico  Tipo Impressão 4/0 Tipo Flyer Papel Couchê Medida 15 X 21CM Conforme Modelo
87,87,87,43,Folheto Nao Tecnico Papel Couchê Tipo Flyer Medida 15 X 21CM Tipo Impressão 4/0 Conforme Modelo,100,semantico,"Sinalizador de Campo de Polipropileno Quadrado Vermelho com Haste de Fibra de Vidro, Comprimento de 10 Centímetros e Largura de 9 Milímetros",Folhero Nao Tecnco Papel Cochê Tipo Flyer Medida 15 X 21CM Tipo Impressão 4/0 Conforme Modelo,Folheto Nao Tecnico  Tipo Impressão 4/0 Tipo Flyer Papel Couchê Medida 15 X 21CM Conforme Modelo
88,88,88,44,Tesoura Costura Aço Inoxidável Comprimento 12AWG Tipo Tecelão/Tesourete,100,lexico,"Mesa de Escritório em MDF com Revestimento de Correia Padrão, Acabamento em Laca, altura de 75 centímetros, largura de 2,20 metros e profundidade de 70 minutos.",Tesora Costura Aço Inoxidávil Comprimento 12AWG Tipo Tecelão/Tesorete,Tesoura Costura Tipo Tecelão/Tesourete Aço Inoxidável Comprimento 12AWG
89,89,89,44,Tesoura Costura Aço Inoxidável Comprimento 12AWG Tipo Tecelão/Tesourete,100,semantico,"Mesa de Escritório em MDF com Revestimento de Correia Padrão, Acabamento em Laca, altura de 75 centímetros, largura de 2,20 metros e profundidade de 70 minutos.",Tesora Costura Aço Inoxidávil Comprimento 12AWG Tipo Tecelão/Tesorete,Tesoura Costura Tipo Tecelão/Tesourete Aço Inoxidável Comprimento 12AWG
90,90,90,45,Óleo Isolante Tipo Base Mineral Naftênico Viscosidade Máxima A 40°C 11CM Viscosidade Máxima A 100ºc 3UN Ponto Fulgor 140MS Ponto Fluidez Mínima -12° C Aplicação Transformador/Equipamento Manobra,100,lexico,"Mesa de Escritório em Madeira MDF com Revestimento de Couro Padrão, Acabamento em Laca, Altura de 75 Centímetros, Largura de 2,20 Metros e Profundidade de 70 Centímetros.",Óleo Isolamte Tipo Base Minersl Naftênico Viscosidade Máxima A 40°C 11CM Viscosidade Máxima A 100ºc 3UN Pont Fulgor 140MS Ponto Fluidez Mínima -12° C Aplicação Transformador/Equipamento Manobra,Óleo Isolante Viscosidade Máxima A 100ºc 3UN Viscosidade Máxima A 40°C 11CM Ponto Fulgor 140MS Tipo Base Mineral Aplicação Transformador/Equipamento Manobra Naftênico Ponto Fluidez Mínima -12° C
91,91,91,45,Óleo Isolante Tipo Base Mineral Naftênico Viscosidade Máxima A 40°C 11CM Viscosidade Máxima A 100ºc 3UN Ponto Fulgor 140MS Ponto Fluidez Mínima -12° C Aplicação Transformador/Equipamento Manobra,100,semantico,"Mesa de Escritório em Madeira MDF com Revestimento de Couro Padrão, Acabamento em Laca, Altura de 75 Centímetros, Largura de 2,20 Metros e Profundidade de 70 Centímetros.",Óleo Isolamte Tipo Base Minersl Naftênico Viscosidade Máxima A 40°C 11CM Viscosidade Máxima A 100ºc 3UN Pont Fulgor 140MS Ponto Fluidez Mínima -12° C Aplicação Transformador/Equipamento Manobra,Óleo Isolante Viscosidade Máxima A 100ºc 3UN Viscosidade Máxima A 40°C 11CM Ponto Fulgor 140MS Tipo Base Mineral Aplicação Transformador/Equipamento Manobra Naftênico Ponto Fluidez Mínima -12° C
92,92,92,46,Balanceadora De Rodas Tipo Balanceamento Estático E Dinâmico Acionamento Motor Tensão Alimentação 220V Precisão 2MG Faixa Larguras Rodas 1 A 20POL Faixa Diâmetros Rodas 12 A 22POL,100,lexico,"Terminal de Bateria Tipo Positivo para Uso em Vbco Ap M109 A3/A5, Referência 5940-00-549-6581, Número de Peça Ms75004-1, Manual Tm9-2350-31, Construído em Material Metálico",Balanceadora De Rodas Tipo Balanceameto Estátic E Dinâmico Acionamnto Motor Tensão Alimentação 220V Precisão 2MG Faixa Larguras Rodas 1 A 20POL Faixa Diâmetos Rodas 12 A 22POL,Balanceadora De Rodas Faixa Diâmetros Rodas 12 A 22POL Faixa Larguras Rodas 1 A 20POL Acionamento Motor Tensão Alimentação 220V Precisão 2MG Tipo Balanceamento Dinâmico E Estático
93,93,93,46,Balanceadora De Rodas Tipo Balanceamento Estático E Dinâmico Acionamento Motor Tensão Alimentação 220V Precisão 2MG Faixa Larguras Rodas 1 A 20POL Faixa Diâmetros Rodas 12 A 22POL,100,semantico,"Terminal de Bateria Tipo Positivo para Uso em Vbco Ap M109 A3/A5, Referência 5940-00-549-6581, Número de Peça Ms75004-1, Manual Tm9-2350-31, Construído em Material Metálico",Balanceadora De Rodas Tipo Balanceameto Estátic E Dinâmico Acionamnto Motor Tensão Alimentação 220V Precisão 2MG Faixa Larguras Rodas 1 A 20POL Faixa Diâmetos Rodas 12 A 22POL,Balanceadora De Rodas Faixa Diâmetros Rodas 12 A 22POL Faixa Larguras Rodas 1 A 20POL Acionamento Motor Tensão Alimentação 220V Precisão 2MG Tipo Balanceamento Dinâmico E Estático
94,94,94,47,Bancada Profissional Aço Carbono E Compensado Naval Comprimento 200V Largura 60MM Altura 92MM Espessura 40X Aplicação Laboratório Tampo Compensado Naval Ou Pinus E Envernizado De 4 Componentes 2 Gavetas Com Cadeado,100,lexico,"Terminal de Bateria do Tipo Positivo para Uso em Vbco Ap M109 A3/A5, Referência 5940-00-549-6581, Número de Peça Ms75004-1, Manual Tm9-2350-31, Construído em Material Metálico.",Bancada Profissional Aço Carbono E Compensado Naval Comprimento 200V Largura 60MM Altura 92MM Espessura 40X Aplicação Laboratóro Tampo Compensado Navsl Ou Pinus E Envernizado De 4 Componentes 2 Gavetas Com Cadeado,Bancada Profissional Compensado Naval E Aço Espessura 40X Carbono Largura 60MM Altura 92MM Comprimento 200V Aplicação Laboratório Pinus E Envernizado De 2 Gavetas 4 Componentes Com Cadeado Ou Tampo Compensado Naval
95,95,95,47,Bancada Profissional Aço Carbono E Compensado Naval Comprimento 200V Largura 60MM Altura 92MM Espessura 40X Aplicação Laboratório Tampo Compensado Naval Ou Pinus E Envernizado De 4 Componentes 2 Gavetas Com Cadeado,100,semantico,"Terminal de Bateria do Tipo Positivo para Uso em Vbco Ap M109 A3/A5, Referência 5940-00-549-6581, Número de Peça Ms75004-1, Manual Tm9-2350-31, Construído em Material Metálico.",Bancada Profissional Aço Carbono E Compensado Naval Comprimento 200V Largura 60MM Altura 92MM Espessura 40X Aplicação Laboratóro Tampo Compensado Navsl Ou Pinus E Envernizado De 4 Componentes 2 Gavetas Com Cadeado,Bancada Profissional Compensado Naval E Aço Espessura 40X Carbono Largura 60MM Altura 92MM Comprimento 200V Aplicação Laboratório Pinus E Envernizado De 2 Gavetas 4 Componentes Com Cadeado Ou Tampo Compensado Naval
96,96,96,48,"Acoplamento Elástico Poliuretano Modelo Ômega E70m Rexnord Aplicação Bomba D'Água Bipartido, Diãmetro Externo 356mm",100,lexico,"Componente Eletrônico de Suporte Conico Duplo em Plástico Dielétrico de Alta Resistência para Ancoragem de Cabos Ópticos e Cabo Flat Drop, com Fixação por Braçadeira Bap, apresentando Dimensões de Roldana de 40 por 20 por 10 Milímetros.","Acoplamento Elástico Poliureteno Modelo Ômega E70m Rexnod Aplicação Bomba D'Água Bipartido, Diãmetro Externo 356mm","Poliuretano Modelo Ômega E70m Acoplamento Elástico Rexnord Bipartido, Diãmetro Externo 356mm Aplicação Bomba D'Água"
97,97,97,48,"Acoplamento Elástico Poliuretano Modelo Ômega E70m Rexnord Aplicação Bomba D'Água Bipartido, Diãmetro Externo 356mm",100,semantico,"Componente Eletrônico de Suporte Conico Duplo em Plástico Dielétrico de Alta Resistência para Ancoragem de Cabos Ópticos e Cabo Flat Drop, com Fixação por Braçadeira Bap, apresentando Dimensões de Roldana de 40 por 20 por 10 Milímetros.","Acoplamento Elástico Poliureteno Modelo Ômega E70m Rexnod Aplicação Bomba D'Água Bipartido, Diãmetro Externo 356mm","Poliuretano Modelo Ômega E70m Acoplamento Elástico Rexnord Bipartido, Diãmetro Externo 356mm Aplicação Bomba D'Água"
98,98,98,49,Anticorrosivo Apresentação Líquido Aspecto Físico Líquido Viscoso Composição Aditivos Lubrificantes E Anticorrosivos Outros Componentes Lubrificante,100,lexico,"Componente Eletrônico de Suporte Conico Duplo em Plástico Dielétrico de Alta Resistência para Ancoragem de Cabos Ópticos e Cabo Flat Drop com Fixação por Braçadeira Bap, apresentando Dimensões da Roldana de 40 por 20 por 10 Milímetros.",Anticorrosivo Apresentação Líquido Aspecto Físico Líquido Vicoso Composição Aditivos Lubrificantes E Anticorosivos Outros Componentes Lubrficante,Apresentação Líquido Aspecto Físico Anticorrosivo Composição Aditivos Lubrificantes Líquido Viscoso E Anticorrosivos Componentes Lubrificante Outros
99,99,99,49,Anticorrosivo Apresentação Líquido Aspecto Físico Líquido Viscoso Composição Aditivos Lubrificantes E Anticorrosivos Outros Componentes Lubrificante,100,semantico,"Componente Eletrônico de Suporte Conico Duplo em Plástico Dielétrico de Alta Resistência para Ancoragem de Cabos Ópticos e Cabo Flat Drop com Fixação por Braçadeira Bap, apresentando Dimensões da Roldana de 40 por 20 por 10 Milímetros.",Anticorrosivo Apresentação Líquido Aspecto Físico Líquido Vicoso Composição Aditivos Lubrificantes E Anticorosivos Outros Componentes Lubrficante,Apresentação Líquido Aspecto Físico Anticorrosivo Composição Aditivos Lubrificantes Líquido Viscoso E Anticorrosivos Componentes Lubrificante Outros
